{
"apiVersion": "V1",
"assemblies": [
{
  "files": [
    {
      "filePath": "assembly_data_report.jsonl",
      "fileType": "DATA_REPORT"
    }
  ]
},{
  "accession": "GCF_020412405.1",
  "files": [
    {
      "filePath": "GCF_020412405.1/GCF_020412405.1_ASM2041240v1_genomic.fna",
      "fileType": "GENOMIC_NUCLEOTIDE_FASTA"
    },
    {
      "filePath": "GCF_020412405.1/genomic.gff",
      "fileType": "GFF3"
    },
    {
      "filePath": "GCF_020412405.1/sequence_report.jsonl",
      "fileType": "SEQUENCE_REPORT"
    }
  ]
}]}
